file,cls,cls_raw,prefix,date,time,mag,accvolt,stgx,stgy,width,height,brightness,contrast,md5,is_dup
"0V-XITONG 1#_20260209,142537.jpg",D_0Vcu,0V-析铜,0V-XITONG 1#,2026-02-09,14:25:37,10000,15000,17.521,16.832,2560,1920,114.6,54.5,7e2bf624ddbdb8f69e2fa67ddffc3490,
"0V-XITONG 1#_20260209,142713.jpg",D_0Vcu,0V-析铜,0V-XITONG 1#,2026-02-09,14:27:13,10000,15000,17.523,16.821,2560,1920,122.5,52.9,9d4bea252e4e17e15f1e3c3cea465a65,
"0V-XITONG 1#_20260209,142853.jpg",D_0Vcu,0V-析铜,0V-XITONG 1#,2026-02-09,14:28:53,10000,15000,17.561,16.821,2560,1920,120.3,54.9,4467df7528da36113ceca85fb64cc662,
"0V-XITONG 1#_20260209,143033.jpg",D_0Vcu,0V-析铜,0V-XITONG 1#,2026-02-09,14:30:33,10000,15000,17.598,16.820,2560,1920,124.0,55.4,bb8952240347428e4c2bf9a850a87d5d,
"0V-XITONG 1#_20260209,143212.jpg",D_0Vcu,0V-析铜,0V-XITONG 1#,2026-02-09,14:32:12,10000,15000,17.642,16.821,2560,1920,120.5,50.6,13f13a57a74b78b54bab4e187fc80443,
"0V-XITONG 1#_20260209,143353.jpg",D_0Vcu,0V-析铜,0V-XITONG 1#,2026-02-09,14:33:53,10000,15000,17.672,16.821,2560,1920,118.6,46.3,8637ad56baf78e2026d2f0ba563487f4,
"0V-XITONG 1#_20260209,143533.jpg",D_0Vcu,0V-析铜,0V-XITONG 1#,2026-02-09,14:35:33,10000,15000,17.695,16.819,2560,1920,115.1,46.7,dff72b5218fa51ce917c30bd8d3b5ee4,
"0V-XITONG 1#_20260209,143711.jpg",D_0Vcu,0V-析铜,0V-XITONG 1#,2026-02-09,14:37:11,10000,15000,17.714,16.818,2560,1920,120.8,47.7,4c3553fb72a8183ad84a67d61924bf1f,
"0V-XITONG 1#_20260209,143852.jpg",D_0Vcu,0V-析铜,0V-XITONG 1#,2026-02-09,14:38:52,10000,15000,17.740,16.815,2560,1920,118.2,48.3,68a13abc5cdc6db10943f45be4837aaa,
"0V-XITONG 1#_20260209,144031.jpg",D_0Vcu,0V-析铜,0V-XITONG 1#,2026-02-09,14:40:31,10000,15000,17.754,16.826,2560,1920,109.3,49.5,a68a18c9cf43f9a2605ca28854ccf5e1,
"0V-XITONG 1#_20260209,144227.jpg",D_0Vcu,0V-析铜,0V-XITONG 1#,2026-02-09,14:42:27,10000,15000,17.770,16.839,2560,1920,112.0,41.9,c636da54f557dd55eda8fbbfcd025b36,
"0V-XITONG 1#_20260209,144405.jpg",D_0Vcu,0V-析铜,0V-XITONG 1#,2026-02-09,14:44:05,10000,15000,17.796,16.841,2560,1920,102.6,42.7,c4e241ae20dfaad9bb292afd0efc92b9,
"0V-XITONG-1#_20260209,145150.jpg",D_0Vcu,0V-析铜,0V-XITONG-1#,2026-02-09,14:51:50,10000,15000,17.724,17.200,2560,1920,95.6,46.3,bbf85f2bd22a7609916c5368feb96bb3,
"0V-XITONG-1#_20260209,145330.jpg",D_0Vcu,0V-析铜,0V-XITONG-1#,2026-02-09,14:53:31,10000,15000,17.742,17.230,2560,1920,97.3,45.7,523944e1bbee8ef112af99d7799d4583,
"0V-XITONG-1#_20260209,145508.jpg",D_0Vcu,0V-析铜,0V-XITONG-1#,2026-02-09,14:55:08,10000,15000,17.741,17.248,2560,1920,94.5,45.0,c75a9bf838b012a41f1c61a8c1c649b9,
"0V-XITONG-1#_20260209,145646.jpg",D_0Vcu,0V-析铜,0V-XITONG-1#,2026-02-09,14:56:46,10000,15000,17.715,17.255,2560,1920,87.1,43.0,90c521db2ee0c9cbb4280d2a41c61c6b,
"0V-XITONG-1#_20260209,145922.jpg",D_0Vcu,0V-析铜,0V-XITONG-1#,2026-02-09,14:59:22,10000,15000,17.689,17.258,2560,1920,94.5,47.6,703f6e8c9ed2807653497ba9a00074a0,
"0V-XITONG-1#_20260209,150101.jpg",D_0Vcu,0V-析铜,0V-XITONG-1#,2026-02-09,15:01:01,10000,15000,17.661,17.256,2560,1920,81.1,40.8,52fcc31dbcc38a60041ed8b0313330ad,
"0V-XITONG-1#_20260209,150237.jpg",D_0Vcu,0V-析铜,0V-XITONG-1#,2026-02-09,15:02:37,10000,15000,17.613,17.252,2560,1920,86.9,43.0,a6d891ea8cb3af35b78d79814856fea3,
"0V-XITONG-1#_20260209,150417.jpg",D_0Vcu,0V-析铜,0V-XITONG-1#,2026-02-09,15:04:17,10000,15000,17.569,17.253,2560,1920,83.0,40.0,c7021d0fa8140ada338aeeffc656e062,
"0V-XITONG-1#_20260209,150600.jpg",D_0Vcu,0V-析铜,0V-XITONG-1#,2026-02-09,15:06:01,10000,15000,17.499,17.248,2560,1920,100.0,43.6,686578087ee38e0f500e6a3ce8e1e7a4,
"0V-XITONG-1#_20260209,150812.jpg",D_0Vcu,0V-析铜,0V-XITONG-1#,2026-02-09,15:08:12,10000,15000,17.472,17.248,2560,1920,89.0,43.5,b5b85517b78933ad8c09d5a0e33f58c7,
"0V-XITONG-1#_20260209,150953.jpg",D_0Vcu,0V-析铜,0V-XITONG-1#,2026-02-09,15:09:53,10000,15000,17.430,17.252,2560,1920,106.9,48.2,b88f610128be550775444e44ac9802a2,
"0V-XITONG-1#_20260209,151132.jpg",D_0Vcu,0V-析铜,0V-XITONG-1#,2026-02-09,15:11:32,10000,15000,17.397,17.256,2560,1920,64.6,38.2,30e62cb8d152de4ae8acdbbea71dd90a,
"0V-XITONG-1#_20260209,151308.jpg",D_0Vcu,0V-析铜,0V-XITONG-1#,2026-02-09,15:13:08,10000,15000,17.378,17.256,2560,1920,85.2,40.1,e821df5ed2e715dfff4ba55e1a31560c,
"0V-XITONG-1#_20260209,151444.jpg",D_0Vcu,0V-析铜,0V-XITONG-1#,2026-02-09,15:14:44,10000,15000,17.354,17.262,2560,1920,86.2,40.6,5f1d1468d82e95572f038244beff842d,
"0V-XITONG-1#_20260209,151620.jpg",D_0Vcu,0V-析铜,0V-XITONG-1#,2026-02-09,15:16:21,10000,15000,17.347,17.272,2560,1920,90.8,40.5,51e8b343e5ed1e45bc05da4123aab3f7,
"0V-XITONG-1#_20260209,151802.jpg",D_0Vcu,0V-析铜,0V-XITONG-1#,2026-02-09,15:18:02,10000,15000,17.327,17.273,2560,1920,95.3,41.4,a2452c474d8b7a2be9702e5b4a6da0bb,
"0V-XITONG-1#_20260209,151941.jpg",D_0Vcu,0V-析铜,0V-XITONG-1#,2026-02-09,15:19:41,10000,15000,17.309,17.272,2560,1920,104.5,41.1,fcc3d324571403567b71b23db48035f4,
"0V-XITONG-1#_20260209,152127.jpg",D_0Vcu,0V-析铜,0V-XITONG-1#,2026-02-09,15:21:27,10000,15000,17.273,17.274,2560,1920,103.6,39.5,e225dcafa03ca2773803ecd06b607c90,
"0V-XITONG-1#_20260209,152306.jpg",D_0Vcu,0V-析铜,0V-XITONG-1#,2026-02-09,15:23:06,10000,15000,17.271,17.297,2560,1920,96.7,38.1,f46fa232d3ab0e5c72ba2936e05ddf78,
"0V-XITONG-1#_20260209,152450.jpg",D_0Vcu,0V-析铜,0V-XITONG-1#,2026-02-09,15:24:50,10000,15000,17.295,17.308,2560,1920,96.7,37.5,a94e51ef2852df140b1b2ade80cf351a,
"0V-XITONG-1#_20260209,152628.jpg",D_0Vcu,0V-析铜,0V-XITONG-1#,2026-02-09,15:26:28,10000,15000,17.313,17.321,2560,1920,95.1,42.8,ccf51cbbb2e7632fd8e8c7c5ec759b81,
"0V-XITONG-1#_20260209,152807.jpg",D_0Vcu,0V-析铜,0V-XITONG-1#,2026-02-09,15:28:07,10000,15000,17.328,17.331,2560,1920,94.7,42.1,79863915c6fdae372776088963536435,
"0V-XITONG-1#_20260209,152947.jpg",D_0Vcu,0V-析铜,0V-XITONG-1#,2026-02-09,15:29:47,10000,15000,17.343,17.355,2560,1920,100.7,41.4,ad22ff7279acc25c45750a69e78a5d7e,
"0V-XITONG-1#_20260209,153133.jpg",D_0Vcu,0V-析铜,0V-XITONG-1#,2026-02-09,15:31:33,10000,15000,17.369,17.374,2560,1920,94.0,41.4,f1afd2b82528656b7f783a0d86f25b5e,
"0V-XITONG-1#_20260209,153312.jpg",D_0Vcu,0V-析铜,0V-XITONG-1#,2026-02-09,15:33:12,10000,15000,17.391,17.381,2560,1920,97.5,44.9,edcfa3c22362eb0d56da3b3a68483cec,
"0V-XITONG-1#_20260209,153502.jpg",D_0Vcu,0V-析铜,0V-XITONG-1#,2026-02-09,15:35:02,10000,15000,17.390,17.435,2560,1920,94.7,40.0,11062d251d1e708dec3c3d97896d8435,
"0V-XITONG-1#_20260209,153643.jpg",D_0Vcu,0V-析铜,0V-XITONG-1#,2026-02-09,15:36:43,10000,15000,17.407,17.473,2560,1920,96.9,41.8,03300ba7c1a5b817bfe98fd2aade3a46,
"0V-XITONG-1#_20260209,153822.jpg",D_0Vcu,0V-析铜,0V-XITONG-1#,2026-02-09,15:38:22,10000,15000,17.426,17.517,2560,1920,96.9,39.1,dc543959baeafae30896686d8e9b989f,
"0V_20260209,141633.jpg",C_0V,0v,0V,2026-02-09,14:16:33,10000,15000,21.933,16.883,1280,960,122.5,35.8,b75b4cc6b7e0a4a8758f95414b24266e,
"0V_20260209,141705.jpg",C_0V,0v,0V,2026-02-09,14:17:05,10000,15000,21.907,16.878,1280,960,118.2,33.4,0693a79d878e3f80e72daa8a74df79b2,
"0V_20260209,141736.jpg",C_0V,0v,0V,2026-02-09,14:17:36,10000,15000,21.880,16.876,1280,960,125.9,44.9,6ab1c62eadbf323acf66c3bf427d45e4,
"0V_20260209,141837.jpg",C_0V,0v,0V,2026-02-09,14:18:37,10000,15000,21.852,16.878,1280,960,127.9,41.1,8377e76e1bc2612e49389f9b3743e4ec,
"0V_20260209,142225.jpg",C_0V,0v,0V,2026-02-09,14:22:25,10000,15000,21.849,16.892,2560,1920,135.3,42.3,fc96a3f8f9f6cc70eb2caa475f11b7a3,
"0V_20260209,165114.jpg",C_0V,0v,0V,2026-02-09,16:51:14,10000,15000,22.657,18.883,1280,960,102.6,33.8,b65d22fb82ac226bffed70402d250d37,
"0V_20260209,165157.jpg",C_0V,0v,0V,2026-02-09,16:51:57,10000,15000,22.666,18.995,1280,960,102.9,35.4,b81122d44cf8643801540d4cb9c68120,
"0V_20260209,165225.jpg",C_0V,0v,0V,2026-02-09,16:52:25,10000,15000,22.620,19.008,1280,960,102.2,34.0,8c783fcd8e4f797db456bcddc63eba49,
"0V_20260209,165252.jpg",C_0V,0v,0V,2026-02-09,16:52:52,10000,15000,22.595,19.030,1280,960,108.2,44.5,10d546e9f19de8b942f0debbb97107cd,
"0V_20260209,165320.jpg",C_0V,0v,0V,2026-02-09,16:53:21,10000,15000,22.612,19.073,1280,960,102.0,33.3,5ca35e00cae3457b5c9b261304fa7e0f,
"0V_20260209,165402.jpg",C_0V,0v,0V,2026-02-09,16:54:02,10000,15000,22.627,19.084,1280,960,101.5,33.0,b9684f5da1a1174eaab4d4ca5f80ec22,
"0V_20260209,165427.jpg",C_0V,0v,0V,2026-02-09,16:54:27,10000,15000,22.637,19.099,1280,960,101.7,33.6,60732e5d7b82a210adb37d3df582f766,
"0V_20260209,165510.jpg",C_0V,0v,0V,2026-02-09,16:55:10,10000,15000,22.646,19.118,1280,960,101.7,33.2,9ceaea5459e894b41732b71d401ba9b3,
"0V_20260209,165557.jpg",C_0V,0v,0V,2026-02-09,16:55:57,10000,15000,22.656,19.146,1280,960,101.2,32.6,c70e6fba7520c76643ed063537aa694d,
"0V_20260209,165626.jpg",C_0V,0v,0V,2026-02-09,16:56:26,10000,15000,22.669,19.172,1280,960,101.9,33.4,7e955892e6250b16b17a0af34b4e1ea7,
"0V_20260209,165653.jpg",C_0V,0v,0V,2026-02-09,16:56:53,10000,15000,22.680,19.192,1280,960,102.2,32.7,20df699a6552ef62484207616433178a,
"0V_20260209,165719.jpg",C_0V,0v,0V,2026-02-09,16:57:19,10000,15000,22.688,19.224,1280,960,104.5,37.7,13bc3648f586671302765f0954c99270,
"0V_20260209,165745.jpg",C_0V,0v,0V,2026-02-09,16:57:45,10000,15000,22.700,19.240,1280,960,101.5,31.3,d717e221cd425de0efe0087c0bbda171,
"0V_20260209,165827.jpg",C_0V,0v,0V,2026-02-09,16:58:27,10000,15000,22.710,19.265,1280,960,101.5,32.6,82899d90cf8c8f6f0316f5b34b6a4a8b,
"0V_20260209,165854.jpg",C_0V,0v,0V,2026-02-09,16:58:54,10000,15000,22.729,19.290,1280,960,103.0,34.1,007a4d0b8218b691b9266eb97a12fc50,
"0V_20260209,165921.jpg",C_0V,0v,0V,2026-02-09,16:59:21,10000,15000,22.743,19.306,1280,960,102.4,32.9,b8eb4473e9ca82d4b31e2fe6a180cec3,
"0V_20260209,165948.jpg",C_0V,0v,0V,2026-02-09,16:59:48,10000,15000,22.743,19.355,1280,960,102.4,32.7,cdb4a11cfdea122d911c8d02e2dee963,
"0V_20260209,170014.jpg",C_0V,0v,0V,2026-02-09,17:00:14,10000,15000,22.702,19.362,1280,960,100.6,32.2,0cf2f99d8d31a893757705193102d7a3,
"0V_20260209,170048.jpg",C_0V,0v,0V,2026-02-09,17:00:48,10000,15000,22.677,19.371,1280,960,102.7,32.8,642ef191a0a82245ac706a2eea58d39d,
"0V_20260209,170114.jpg",C_0V,0v,0V,2026-02-09,17:01:14,10000,15000,22.660,19.381,1280,960,101.9,32.1,be8daae50e54108cb265bf370e6bae52,
"0V_20260209,170141.jpg",C_0V,0v,0V,2026-02-09,17:01:41,10000,15000,22.659,19.418,1280,960,102.8,32.2,6f7451c8f286fe9dc3689e130b0461b9,
"0V_20260209,170203.jpg",C_0V,0v,0V,2026-02-09,17:02:03,10000,15000,22.659,19.418,1280,960,102.8,32.2,6f7451c8f286fe9dc3689e130b0461b9,Y
"0V_20260209,170237.jpg",C_0V,0v,0V,2026-02-09,17:02:37,10000,15000,22.642,19.419,1280,960,102.7,32.7,12f9950032b710c84be45ba37a210260,
"0V_20260209,170302.jpg",C_0V,0v,0V,2026-02-09,17:03:03,10000,15000,22.640,19.451,1280,960,108.9,44.7,f93d4b2808e94d7699deb8813043b661,
"0V_20260209,170338.jpg",C_0V,0v,0V,2026-02-09,17:03:38,10000,15000,22.623,19.460,1280,960,102.1,34.0,ec63929477fe15bb85636cd3a8647bcb,
"0V_20260209,170403.jpg",C_0V,0v,0V,2026-02-09,17:04:03,10000,15000,22.624,19.486,1280,960,101.8,33.5,6a962b6f64e325be6d5f34dd427fbb99,
"0V_20260209,170437.jpg",C_0V,0v,0V,2026-02-09,17:04:37,10000,15000,22.639,19.500,1280,960,101.3,33.1,6a6ca0a607106701df96fd4e9a0ab7f1,
"0V_20260209,170505.jpg",C_0V,0v,0V,2026-02-09,17:05:05,10000,15000,22.648,19.522,1280,960,104.0,39.7,fee3d3d61e69aaa199dee7776f305eee,
"0V_20260209,170530.jpg",C_0V,0v,0V,2026-02-09,17:05:30,10000,15000,22.632,19.541,1280,960,101.4,33.4,f03de0484da7cbac32cf31bc7afb37e3,
"0V_20260209,170602.jpg",C_0V,0v,0V,2026-02-09,17:06:02,10000,15000,22.627,19.581,1280,960,103.7,37.9,01525b375a0dc9438a4a882e34245700,
"0V_20260209,170630.jpg",C_0V,0v,0V,2026-02-09,17:06:30,10000,15000,22.610,19.610,1280,960,102.8,34.4,61cee968c7978b992357b641ff6f4b5d,
"0V_20260209,170656.jpg",C_0V,0v,0V,2026-02-09,17:06:56,10000,15000,22.612,19.633,1280,960,103.0,34.9,63abb80537f28a33975fa06c4801676f,
"0V_20260209,170741.jpg",C_0V,0v,0V,2026-02-09,17:07:41,10000,15000,22.591,19.643,1280,960,102.1,34.3,5be416f45535b568d973e50c97f1aba5,
"0V_20260209,170806.jpg",C_0V,0v,0V,2026-02-09,17:08:06,10000,15000,22.559,19.663,1280,960,100.5,32.5,834fe471af4b3bfb6af47bb3a6d365c6,
"0V_20260209,170832.jpg",C_0V,0v,0V,2026-02-09,17:08:32,10000,15000,22.528,19.683,1280,960,101.0,33.2,d64566e65985f1174da4805ce00be326,
"new_20260225,104547.jpg",A_new,new,new,2026-02-25,10:45:47,10000,13000,13.693,20.174,1280,960,95.7,35.4,7bd4a0734cfc680c4818c367cad63e02,
"new_20260225,104622.jpg",A_new,new,new,2026-02-25,10:46:22,10000,13000,13.696,20.177,1280,960,95.6,36.2,a1dc3d60f588dcdc69ead276078f9db6,
"new_20260225,104654.jpg",A_new,new,new,2026-02-25,10:46:54,10000,13000,13.702,20.182,1280,960,94.1,34.7,cf4a4ae3c35255d4e242539efd222735,
"new_20260225,104718.jpg",A_new,new,new,2026-02-25,10:47:18,10000,13000,13.704,20.186,1280,960,93.8,34.0,298119e8a8415bb4f2817097f04d4b73,
"new_20260225,104749.jpg",A_new,new,new,2026-02-25,10:47:49,10000,13000,13.710,20.189,1280,960,93.4,33.3,02adcfb980bffd2b82824551d5e3297a,
"new_20260225,104823.jpg",A_new,new,new,2026-02-25,10:48:23,10000,13000,13.723,20.197,1280,960,93.9,34.1,8b515cd6c001d682d1eabd3bca0900f9,
"new_20260225,104915.jpg",A_new,new,new,2026-02-25,10:49:15,10000,13000,13.723,20.197,1280,960,105.4,36.3,76301abc6370d1761f0fb3b426591be4,
"new_20260225,104946.jpg",A_new,new,new,2026-02-25,10:49:46,10000,13000,13.735,20.204,1280,960,105.3,36.5,c2c57f4fb7a8e86d10337bb1570de610,
"new_20260225,105018.jpg",A_new,new,new,2026-02-25,10:50:18,10000,13000,13.756,20.209,1280,960,105.5,37.3,8a4c9babd3f2e324cbf5a608bd7dbef4,
"new_20260225,105114.jpg",A_new,new,new,2026-02-25,10:51:14,10000,13000,13.762,20.204,1280,960,105.7,36.8,11c498e623422bd843e0c7ea7f77ae67,
"new_20260225,105142.jpg",A_new,new,new,2026-02-25,10:51:42,10000,13000,13.777,20.202,1280,960,105.4,36.1,de55be23da11b9bb4318fef211115cfe,
"new_20260225,105230.jpg",A_new,new,new,2026-02-25,10:52:30,10000,13000,13.822,20.183,1280,960,105.9,37.1,40a22051d85611537f6c909090e23123,
"new_20260225,105337.jpg",A_new,new,new,2026-02-25,10:53:37,10000,13000,13.836,20.172,1280,960,104.6,33.9,4c8d58d3ac29c08bd0b5b1978724eca0,
"new_20260225,105432.jpg",A_new,new,new,2026-02-25,10:54:32,10000,13000,13.836,20.172,1280,960,104.7,35.2,5f5a0f6a1fa7bd40d2a3924e9f78bbb1,
"new_20260225,105726.jpg",A_new,new,new,2026-02-25,10:57:26,10000,13000,13.836,20.172,1280,960,102.9,41.3,e93d7e45b7833e3134bbed73d8da7dd9,
"new_20260225,105758.jpg",A_new,new,new,2026-02-25,10:57:58,10000,13000,13.844,20.175,1280,960,103.1,42.0,6e3f54103b3a0da74d89261e8a136255,
"new_20260225,105824.jpg",A_new,new,new,2026-02-25,10:58:24,10000,13000,13.851,20.184,1280,960,103.6,44.2,18d8ea7b18b7fedc4f2df6f93ef25e18,
"new_20260225,105851.jpg",A_new,new,new,2026-02-25,10:58:51,10000,13000,13.864,20.194,1280,960,102.5,41.6,5ae66371986de9f4699e71fe969b7b98,
"new_20260225,105921.jpg",A_new,new,new,2026-02-25,10:59:21,10000,13000,13.856,20.203,1280,960,103.9,43.3,fdbd09e7601e1d6bb6556db12c66a976,
"new_20260225,105951.jpg",A_new,new,new,2026-02-25,10:59:51,10000,13000,13.869,20.210,1280,960,103.9,43.4,ff552194b9b3da166f7f73e842dcc0da,
"new_20260225,110021.jpg",A_new,new,new,2026-02-25,11:00:21,10000,13000,13.889,20.221,1280,960,101.8,41.3,00514d85e46ddd5a515e243e34157c7c,
"new_20260225,110114.jpg",A_new,new,new,2026-02-25,11:01:14,10000,13000,13.893,20.247,1280,960,108.8,51.1,dde285c7981807dac3c64c401c6f2a91,
"new_20260225,110210.jpg",A_new,new,new,2026-02-25,11:02:10,11000,13000,13.877,20.263,1280,960,104.1,44.3,399d9482d6e1d62c7d55a795e8cb41b3,
"new_20260225,110237.jpg",A_new,new,new,2026-02-25,11:02:37,11000,13000,13.857,20.256,1280,960,102.3,41.4,051908756017b6e89e0706d6d2438dbe,
"new_20260225,110320.jpg",A_new,new,new,2026-02-25,11:03:20,11000,13000,13.888,20.233,1280,960,102.2,41.8,b17066998c20633e7fbbcb089609428b,
"new_20260225,110352.jpg",A_new,new,new,2026-02-25,11:03:52,11000,13000,13.902,20.226,1280,960,101.2,42.4,d5c19f807ae05406db36d6874b0ff88c,
"new_20260225,110426.jpg",A_new,new,new,2026-02-25,11:04:26,11000,13000,13.930,20.203,1280,960,105.6,48.5,6d963a453a82836f63589cf58c6516f7,
"new_20260225,110452.jpg",A_new,new,new,2026-02-25,11:04:52,11000,13000,13.945,20.200,1280,960,106.0,47.6,d927eb99b0e25595b8a58affdc5f3183,
"new_20260225,110519.jpg",A_new,new,new,2026-02-25,11:05:20,11000,13000,13.962,20.192,1280,960,102.7,45.5,4658a9c52ef7ab577ecd91f66d03f0ba,
"new_20260225,110546.jpg",A_new,new,new,2026-02-25,11:05:46,11000,13000,13.965,20.183,1280,960,102.9,45.8,fee2b136367e73cd9dcbb618d743ad96,
"new_20260225,110613.jpg",A_new,new,new,2026-02-25,11:06:13,11000,13000,13.958,20.176,1280,960,103.1,45.3,9e10340b5760b1bfd95c4ca46ea79c93,
"new_20260225,110702.jpg",A_new,new,new,2026-02-25,11:07:02,11000,13000,13.983,20.150,1280,960,101.3,42.7,574e82c8e631abc6c715b135fe188d75,
"new_20260225,110810.jpg",A_new,new,new,2026-02-25,11:08:11,10000,13000,13.992,20.131,1280,960,102.8,43.3,98596b15df9999443af576ce0dc8c918,
"new_20260225,110839.jpg",A_new,new,new,2026-02-25,11:08:39,10000,13000,13.998,20.127,1280,960,101.8,42.5,b6f7da8ca26cb165e2116310a2174c7c,
"new_20260225,110922.jpg",A_new,new,new,2026-02-25,11:09:22,10000,13000,13.998,20.122,1280,960,102.3,42.8,eec7c500ea915cc7423126295134cf7c,
"new_20260225,111009.jpg",A_new,new,new,2026-02-25,11:10:09,10000,13000,13.992,20.116,1280,960,100.1,41.0,a443df5d3f14cf6138dd804b63819904,
"new_20260225,111036.jpg",A_new,new,new,2026-02-25,11:10:36,10000,13000,13.976,20.104,1280,960,99.5,39.3,c6f23afc45e236b14e08194fbca06605,
"new_20260225,111108.jpg",A_new,new,new,2026-02-25,11:11:08,10000,13000,13.993,20.090,1280,960,102.6,43.1,a5b19605e30dc43690e3d85ffe609c4e,
"new_20260225,111202.jpg",A_new,new,new,2026-02-25,11:12:02,10000,13000,13.991,20.077,1280,960,107.8,47.3,c1f49055541687c6d9936969f2c2c49e,
"new_20260225,111319.jpg",A_new,new,new,2026-02-25,11:13:19,10000,13000,14.010,20.080,1280,960,102.9,44.0,ea47c348373fae56d145efad5157fd19,
"new_20260225,111349.jpg",A_new,new,new,2026-02-25,11:13:49,10000,13000,14.019,20.079,1280,960,101.3,42.0,2821bafb6253b9fbcfcdae71280f9af9,
"new_20260225,111415.jpg",A_new,new,new,2026-02-25,11:14:15,10000,13000,14.025,20.083,1280,960,101.1,42.7,4bc88e04f6a9d13fcfd4e6ed24272fe4,
"new_20260225,111441.jpg",A_new,new,new,2026-02-25,11:14:41,10000,13000,14.040,20.090,1280,960,108.2,52.3,c5a80cf1cd4a29b1acdd1128908bf8c5,
"new_20260225,111507.jpg",A_new,new,new,2026-02-25,11:15:07,10000,13000,14.052,20.098,1280,960,106.7,49.7,2b0c1c7ae340d688e81eee5c37374d78,
"new_20260225,111535.jpg",A_new,new,new,2026-02-25,11:15:35,10000,13000,14.070,20.110,1280,960,102.9,47.0,d3fcc9efaf20e850353eab177a6ab3b2,
"new_20260225,111605.jpg",A_new,new,new,2026-02-25,11:16:05,10000,13000,14.076,20.104,1280,960,103.4,47.5,f9758ba1ee8188333f1f214342a8d15c,
"new_20260225,111643.jpg",A_new,new,new,2026-02-25,11:16:43,10000,13000,14.093,20.099,1280,960,105.7,53.6,8419ca7baafc7d1ba963e4dce9f86981,
"new_20260225,111710.jpg",A_new,new,new,2026-02-25,11:17:10,10000,13000,14.120,20.111,1280,960,99.1,40.2,c2176eb47532cc53b1403d330258e047,
"new_20260225,111738.jpg",A_new,new,new,2026-02-25,11:17:38,10000,13000,14.134,20.099,1280,960,98.6,40.0,8fd222b7686bbdfbac38b6859378f94a,
"new_20260225,111817.jpg",A_new,new,new,2026-02-25,11:18:17,10000,13000,14.147,20.064,1280,960,99.5,41.0,90bb3a40821671f916dd4e023ed33ec4,
"2v_20260225,131318.jpg",B_2V,2v,2v,2026-02-25,13:13:18,10000,15000,23.575,21.174,1280,960,86.8,38.8,799c17a0c1059c1676e1362479be410a,
"2v_20260225,131431.jpg",B_2V,2v,2v,2026-02-25,13:14:31,10000,15000,23.590,21.180,1280,960,104.4,43.2,478b733b9d49bf8b223ada4aac5c35c6,
"2v_20260225,131504.jpg",B_2V,2v,2v,2026-02-25,13:15:04,10000,15000,23.587,21.189,1280,960,104.0,44.9,a8eb413637cab785e35615621cc2615d,
"2v_20260225,131530.jpg",B_2V,2v,2v,2026-02-25,13:15:30,10000,15000,23.593,21.200,1280,960,103.1,43.4,40814a11754ee568363173f3f7d87eb2,
"2v_20260225,131559.jpg",B_2V,2v,2v,2026-02-25,13:16:00,10000,15000,23.607,21.212,1280,960,107.0,45.8,905d6b90f22d5c6db1b49a9ab9a457a0,
"2v_20260225,131625.jpg",B_2V,2v,2v,2026-02-25,13:16:25,10000,15000,23.622,21.217,1280,960,103.8,41.4,6dfa8c4d3a6e1ad63531acb9066d0873,
"2v_20260225,131718.jpg",B_2V,2v,2v,2026-02-25,13:17:18,10000,15000,23.646,21.199,1280,960,108.9,44.7,fb7e899ab79d3aa82cf5d75e9c93e538,
"2v_20260225,131745.jpg",B_2V,2v,2v,2026-02-25,13:17:45,10000,15000,23.663,21.185,1280,960,110.4,46.9,faba36f54d2482e73bc776fec1d82b0e,
"2v_20260225,131816.jpg",B_2V,2v,2v,2026-02-25,13:18:16,10000,15000,23.678,21.194,1280,960,110.2,45.9,27055d9084f4e6d70f65d9e94dcc17e5,
"2v_20260225,131903.jpg",B_2V,2v,2v,2026-02-25,13:19:03,10000,15000,23.691,21.198,1280,960,111.3,46.7,d7fbb7e9d1605dd0e209e5d10ffef0c3,
"2v_20260225,131931.jpg",B_2V,2v,2v,2026-02-25,13:19:31,10000,15000,23.710,21.179,1280,960,108.1,43.3,b96226101d350c82197a9a2360db8a8e,
"2v_20260225,132002.jpg",B_2V,2v,2v,2026-02-25,13:20:02,10000,15000,23.735,21.163,1280,960,111.4,45.7,4f7e147d3c39129bc20513de9cfe5258,
"2v_20260225,132144.jpg",B_2V,2v,2v,2026-02-25,13:21:44,10000,15000,23.750,21.172,1280,960,109.2,44.3,a2aa2f5a84a3c9f65fa1f56d4b96201d,
"2v_20260225,132241.jpg",B_2V,2v,2v,2026-02-25,13:22:41,10000,13000,23.766,21.174,1280,960,125.0,48.6,1cefc712591c5e1341607e240c99dd00,
"2v_20260225,132342.jpg",B_2V,2v,2v,2026-02-25,13:23:42,10000,14000,23.766,21.174,1280,960,123.0,48.5,b838c691aaa438be615c521a5ecd28a3,
"2v_20260225,132421.jpg",B_2V,2v,2v,2026-02-25,13:24:21,10000,14000,23.783,21.184,1280,960,124.6,49.3,1e2bdf55fadf4155131a9dc6392c938a,
"2v_20260225,132454.jpg",B_2V,2v,2v,2026-02-25,13:24:54,10000,14000,23.797,21.195,1280,960,123.8,49.9,19c5ecbe656c9550f6d68473408803bd,
"2v_20260225,132541.jpg",B_2V,2v,2v,2026-02-25,13:25:41,10000,14000,23.811,21.208,1280,960,124.1,48.5,953ad44b6db553f255931b85b9c1e923,
"2v_20260225,132627.jpg",B_2V,2v,2v,2026-02-25,13:26:27,10000,14000,23.836,21.219,1280,960,123.7,47.3,eb159904abcac1421b25cd4ae429f818,
"2v_20260225,132704.jpg",B_2V,2v,2v,2026-02-25,13:27:04,10000,14000,23.855,21.235,1280,960,126.2,47.6,dbe79e11835ca726ac617e8d72e06969,
"2v_20260225,132745.jpg",B_2V,2v,2v,2026-02-25,13:27:45,10000,14000,23.840,21.252,1280,960,129.1,50.5,401e56197cb49f5f4e6495cd55000785,
"2v_20260225,132938.jpg",B_2V,2v,2v,2026-02-25,13:29:38,10000,14000,23.872,21.276,1280,960,93.7,40.8,3c8369763bbbbefabb9c56675ef2e8b5,
"2v_20260225,133011.jpg",B_2V,2v,2v,2026-02-25,13:30:11,10000,14000,23.878,21.280,1280,960,93.3,38.4,fd22ad7a690eb8487546f237d5877f9f,
"2v_20260225,133045.jpg",B_2V,2v,2v,2026-02-25,13:30:45,10000,14000,23.896,21.293,1280,960,96.6,42.9,520e8784c045409312756dc23c401f91,
"2v_20260225,133116.jpg",B_2V,2v,2v,2026-02-25,13:31:16,10000,14000,23.910,21.302,1280,960,93.8,37.9,a5e4b9cd5628ce7d44cfd76499ba1f3f,
"2v_20260225,133147.jpg",B_2V,2v,2v,2026-02-25,13:31:47,10000,14000,23.924,21.313,1280,960,97.2,39.3,ce365629523bc9d230d3935635d2290a,
"2v_20260225,133236.jpg",B_2V,2v,2v,2026-02-25,13:32:36,10000,14000,23.951,21.294,1280,960,94.4,40.0,585ab567cc75cab218b6cf409d40c40d,
"2v_20260225,133307.jpg",B_2V,2v,2v,2026-02-25,13:33:07,10000,14000,23.973,21.299,1280,960,94.9,41.1,31cce4ecb2f78989299e0a4eca0b486f,
"2v_20260225,133339.jpg",B_2V,2v,2v,2026-02-25,13:33:39,10000,14000,23.993,21.291,1280,960,94.7,39.1,bd932088c3067f070bbd4a386860b953,
"2v_20260225,133446.jpg",B_2V,2v,2v,2026-02-25,13:34:46,10000,15000,24.005,21.299,1280,960,92.1,37.4,50c0be285f1af6336f6df002430e51a7,
"2v_20260225,133518.jpg",B_2V,2v,2v,2026-02-25,13:35:18,10000,15000,24.035,21.321,1280,960,101.1,37.7,d634e8a78559a47ff2032703fedf53e5,
"2v_20260225,133555.jpg",B_2V,2v,2v,2026-02-25,13:35:55,10000,15000,24.042,21.326,1280,960,102.3,39.7,a4b376fe5d3939130f295325c3c089b0,
"2v_20260225,133626.jpg",B_2V,2v,2v,2026-02-25,13:36:26,10000,15000,24.057,21.332,1280,960,108.2,43.1,c1612779b8456e5279e853846e659ef5,
"2v_20260225,133658.jpg",B_2V,2v,2v,2026-02-25,13:36:58,10000,15000,24.074,21.337,1280,960,105.5,39.4,cdbea8843d3964a5236fcebdfbe6a1f9,
"2v_20260225,133725.jpg",B_2V,2v,2v,2026-02-25,13:37:25,10000,15000,24.093,21.350,1280,960,106.5,40.6,718ec83ecd18f975f5253ad86ccdd340,
"2v_20260225,133801.jpg",B_2V,2v,2v,2026-02-25,13:38:01,10000,15000,24.118,21.362,1280,960,107.9,39.6,c68e9d7e5ca3c59bb1c598e079a1beb5,
"2v_20260225,133828.jpg",B_2V,2v,2v,2026-02-25,13:38:28,10000,15000,24.142,21.361,1280,960,107.4,39.4,677dee0a4169c1a34636a232445ab7b3,
"2v_20260225,133856.jpg",B_2V,2v,2v,2026-02-25,13:38:56,10000,15000,24.160,21.355,1280,960,111.4,40.3,4386008c74b47f8b3268a0bfb6eb4ddf,
"2v_20260225,133930.jpg",B_2V,2v,2v,2026-02-25,13:39:30,10000,15000,24.195,21.340,1280,960,111.1,40.8,1a486ede8799505989400db407a05896,
"2v_20260225,134004.jpg",B_2V,2v,2v,2026-02-25,13:40:04,10000,15000,24.222,21.338,1280,960,110.1,38.9,32e43b7429ea831b46378293ca230e31,
"2v_20260225,134047.jpg",B_2V,2v,2v,2026-02-25,13:40:47,10000,15000,24.226,21.351,1280,960,115.4,42.5,f6261f67111aa4f5a9c425fb51942d94,
"2v_20260225,134130.jpg",B_2V,2v,2v,2026-02-25,13:41:30,10000,15000,24.223,21.359,1280,960,114.7,45.3,3500071327a557940a3a5ba46e55ccf0,
"2v_20260225,134202.jpg",B_2V,2v,2v,2026-02-25,13:42:02,10000,15000,24.211,21.390,1280,960,119.5,43.2,fde2ba177c5d49c2f06148fbc1af9a9a,
"2v_20260225,134237.jpg",B_2V,2v,2v,2026-02-25,13:42:37,10000,15000,24.221,21.409,1280,960,126.4,48.3,176a91790b782801ade6781282d885f9,
"2v_20260225,134314.jpg",B_2V,2v,2v,2026-02-25,13:43:14,10000,15000,24.189,21.397,1280,960,127.6,49.0,e1846cb577ca249881bd7b882072a408,
"2v_20260225,134344.jpg",B_2V,2v,2v,2026-02-25,13:43:44,10000,15000,24.167,21.386,1280,960,123.8,43.9,5a22df4a044ccbebe4ab35a7eb31f171,
"2v_20260225,134415.jpg",B_2V,2v,2v,2026-02-25,13:44:15,10000,15000,24.144,21.375,1280,960,121.5,41.5,2697f9393d505362530296d989df39ba,
